path,split
AGAT-PPIS/Dataset/pdb/1f60B.pdb,train
AGAT-PPIS/Dataset/pdb/4iu2B.pdb,train
AGAT-PPIS/Dataset/pdb/3f6qB.pdb,train
AGAT-PPIS/Dataset/pdb/4bi8A.pdb,train
AGAT-PPIS/Dataset/pdb/2o3bA.pdb,train
AGAT-PPIS/Dataset/pdb/3h4sE.pdb,train
AGAT-PPIS/Dataset/pdb/1mahA.pdb,train
AGAT-PPIS/Dataset/pdb/3p8bA.pdb,train
AGAT-PPIS/Dataset/pdb/4kt6A.pdb,train
AGAT-PPIS/Dataset/pdb/2r25A.pdb,train
AGAT-PPIS/Dataset/pdb/2qc1B.pdb,train
AGAT-PPIS/Dataset/pdb/2d5rA.pdb,train
AGAT-PPIS/Dataset/pdb/1pq1A.pdb,train
AGAT-PPIS/Dataset/pdb/3w0lA.pdb,train
AGAT-PPIS/Dataset/pdb/3mcbB.pdb,train
AGAT-PPIS/Dataset/pdb/3vpjA.pdb,train
AGAT-PPIS/Dataset/pdb/1nw9A.pdb,train
AGAT-PPIS/Dataset/pdb/3zeuD.pdb,train
AGAT-PPIS/Dataset/pdb/3nybB.pdb,train
AGAT-PPIS/Dataset/pdb/3fqdA.pdb,train
AGAT-PPIS/Dataset/pdb/3mj7B.pdb,train
AGAT-PPIS/Dataset/pdb/7ceiA.pdb,train
AGAT-PPIS/Dataset/pdb/1kshA.pdb,train
AGAT-PPIS/Dataset/pdb/4kt6B.pdb,train
AGAT-PPIS/Dataset/pdb/1dfjE.pdb,train
AGAT-PPIS/Dataset/pdb/1euvB.pdb,train
AGAT-PPIS/Dataset/pdb/2o2vA.pdb,train
AGAT-PPIS/Dataset/pdb/2fcwB.pdb,train
AGAT-PPIS/Dataset/pdb/2dvwB.pdb,train
AGAT-PPIS/Dataset/pdb/3o3mA.pdb,train
AGAT-PPIS/Dataset/pdb/1gcqC.pdb,train
AGAT-PPIS/Dataset/pdb/1xg2A.pdb,train
AGAT-PPIS/Dataset/pdb/4g7xA.pdb,train
AGAT-PPIS/Dataset/pdb/3fiiA.pdb,train
AGAT-PPIS/Dataset/pdb/4bjjB.pdb,train
AGAT-PPIS/Dataset/pdb/4e4wA.pdb,train
AGAT-PPIS/Dataset/pdb/2qklB.pdb,train
AGAT-PPIS/Dataset/pdb/2v1yA.pdb,train
AGAT-PPIS/Dataset/pdb/1acbI.pdb,train
AGAT-PPIS/Dataset/pdb/1jtdB.pdb,train
AGAT-PPIS/Dataset/pdb/3dlqI.pdb,train
AGAT-PPIS/Dataset/pdb/3fmoB.pdb,train
AGAT-PPIS/Dataset/pdb/2o3bB.pdb,train
AGAT-PPIS/Dataset/pdb/1ewyA.pdb,train
AGAT-PPIS/Dataset/pdb/2mtaA.pdb,train
AGAT-PPIS/Dataset/pdb/4bh6D.pdb,train
AGAT-PPIS/Dataset/pdb/2omzB.pdb,train
AGAT-PPIS/Dataset/pdb/2qc1A.pdb,train
AGAT-PPIS/Dataset/pdb/3w2wA.pdb,train
AGAT-PPIS/Dataset/pdb/4etpB.pdb,train
AGAT-PPIS/Dataset/pdb/2a9kB.pdb,train
AGAT-PPIS/Dataset/pdb/4a5uB.pdb,train
AGAT-PPIS/Dataset/pdb/1pxvA.pdb,train
AGAT-PPIS/Dataset/pdb/3bp6A.pdb,train
AGAT-PPIS/Dataset/pdb/4m69A.pdb,train
AGAT-PPIS/Dataset/pdb/3d7vA.pdb,train
AGAT-PPIS/Dataset/pdb/3uvjB.pdb,train
AGAT-PPIS/Dataset/pdb/1v74B.pdb,train
AGAT-PPIS/Dataset/pdb/3f1sB.pdb,train
AGAT-PPIS/Dataset/pdb/4dfcB.pdb,train
AGAT-PPIS/Dataset/pdb/3mdbC.pdb,train
AGAT-PPIS/Dataset/pdb/3aqbB.pdb,train
AGAT-PPIS/Dataset/pdb/1hx1B.pdb,train
AGAT-PPIS/Dataset/pdb/3w2wB.pdb,train
AGAT-PPIS/Dataset/pdb/1kklH.pdb,train
AGAT-PPIS/Dataset/pdb/4iu2A.pdb,train
AGAT-PPIS/Dataset/pdb/3w0lB.pdb,train
AGAT-PPIS/Dataset/pdb/4bjjA.pdb,train
AGAT-PPIS/Dataset/pdb/1z3eB.pdb,train
AGAT-PPIS/Dataset/pdb/1u0sY.pdb,train
AGAT-PPIS/Dataset/pdb/1yvbI.pdb,train
AGAT-PPIS/Dataset/pdb/3mmyA.pdb,train
AGAT-PPIS/Dataset/pdb/1ktzB.pdb,train
AGAT-PPIS/Dataset/pdb/3axjB.pdb,train
AGAT-PPIS/Dataset/pdb/1ta3B.pdb,train
AGAT-PPIS/Dataset/pdb/3bp6B.pdb,train
AGAT-PPIS/Dataset/pdb/1nrjA.pdb,train
AGAT-PPIS/Dataset/pdb/3onaB.pdb,train
AGAT-PPIS/Dataset/pdb/3og6A.pdb,train
AGAT-PPIS/Dataset/pdb/3q9nA.pdb,train
AGAT-PPIS/Dataset/pdb/2vohA.pdb,train
AGAT-PPIS/Dataset/pdb/2ajfE.pdb,train
AGAT-PPIS/Dataset/pdb/3zyiA.pdb,train
AGAT-PPIS/Dataset/pdb/2hqsA.pdb,train
AGAT-PPIS/Dataset/pdb/1jmtA.pdb,train
AGAT-PPIS/Dataset/pdb/4eukB.pdb,train
AGAT-PPIS/Dataset/pdb/1n2cA.pdb,train
AGAT-PPIS/Dataset/pdb/3d4uB.pdb,train
AGAT-PPIS/Dataset/pdb/4bh6L.pdb,train
AGAT-PPIS/Dataset/pdb/4hffB.pdb,train
AGAT-PPIS/Dataset/pdb/2cg5A.pdb,train
AGAT-PPIS/Dataset/pdb/3ourA.pdb,train
AGAT-PPIS/Dataset/pdb/2hrkB.pdb,train
AGAT-PPIS/Dataset/pdb/2apoA.pdb,train
AGAT-PPIS/Dataset/pdb/4hluD.pdb,train
AGAT-PPIS/Dataset/pdb/1kshB.pdb,train
AGAT-PPIS/Dataset/pdb/1b6cA.pdb,train
AGAT-PPIS/Dataset/pdb/2o2vB.pdb,train
AGAT-PPIS/Dataset/pdb/1k5dB.pdb,train
AGAT-PPIS/Dataset/pdb/1k5dC.pdb,train
AGAT-PPIS/Dataset/pdb/1fc2C.pdb,train
AGAT-PPIS/Dataset/pdb/1n2cE.pdb,train
AGAT-PPIS/Dataset/pdb/3zeuE.pdb,train
AGAT-PPIS/Dataset/pdb/3di3B.pdb,train
AGAT-PPIS/Dataset/pdb/4je3A.pdb,train
AGAT-PPIS/Dataset/pdb/2b59A.pdb,train
AGAT-PPIS/Dataset/pdb/2j3rA.pdb,train
AGAT-PPIS/Dataset/pdb/4fouC.pdb,train
AGAT-PPIS/Dataset/pdb/2b59B.pdb,train
AGAT-PPIS/Dataset/pdb/4kbmA.pdb,train
AGAT-PPIS/Dataset/pdb/2oznB.pdb,train
AGAT-PPIS/Dataset/pdb/1t6bX.pdb,train
AGAT-PPIS/Dataset/pdb/4awxA.pdb,train
AGAT-PPIS/Dataset/pdb/1ib1A.pdb,train
AGAT-PPIS/Dataset/pdb/1eerA.pdb,train
AGAT-PPIS/Dataset/pdb/3ckiA.pdb,train
AGAT-PPIS/Dataset/pdb/3mdbA.pdb,train
AGAT-PPIS/Dataset/pdb/4apxA.pdb,train
AGAT-PPIS/Dataset/pdb/2qxvA.pdb,train
AGAT-PPIS/Dataset/pdb/2d5rB.pdb,train
AGAT-PPIS/Dataset/pdb/2v8sE.pdb,train
AGAT-PPIS/Dataset/pdb/1mahF.pdb,train
AGAT-PPIS/Dataset/pdb/2v1yB.pdb,train
AGAT-PPIS/Dataset/pdb/3tgxB.pdb,train
AGAT-PPIS/Dataset/pdb/1e6eA.pdb,train
AGAT-PPIS/Dataset/pdb/2v8sV.pdb,train
AGAT-PPIS/Dataset/pdb/2d74B.pdb,train
AGAT-PPIS/Dataset/pdb/2wusA.pdb,train
AGAT-PPIS/Dataset/pdb/1efnB.pdb,train
AGAT-PPIS/Dataset/pdb/3cf4G.pdb,train
AGAT-PPIS/Dataset/pdb/3gniA.pdb,train
AGAT-PPIS/Dataset/pdb/3anwB.pdb,train
AGAT-PPIS/Dataset/pdb/4hffA.pdb,train
AGAT-PPIS/Dataset/pdb/1k74A.pdb,train
AGAT-PPIS/Dataset/pdb/2o8vB.pdb,train
AGAT-PPIS/Dataset/pdb/3m7fB.pdb,train
AGAT-PPIS/Dataset/pdb/3ayhB.pdb,train
AGAT-PPIS/Dataset/pdb/3mmyB.pdb,train
AGAT-PPIS/Dataset/pdb/1k74D.pdb,train
AGAT-PPIS/Dataset/pdb/1e4kC.pdb,train
AGAT-PPIS/Dataset/pdb/1rlbE.pdb,train
AGAT-PPIS/Dataset/pdb/2c5kT.pdb,train
AGAT-PPIS/Dataset/pdb/1ktzA.pdb,train
AGAT-PPIS/Dataset/pdb/2yajA.pdb,train
AGAT-PPIS/Dataset/pdb/3vz9B.pdb,train
AGAT-PPIS/Dataset/pdb/1nrjB.pdb,train
AGAT-PPIS/Dataset/pdb/3b08B.pdb,train
AGAT-PPIS/Dataset/pdb/3aqbA.pdb,train
AGAT-PPIS/Dataset/pdb/4fq0B.pdb,train
AGAT-PPIS/Dataset/pdb/4fq0C.pdb,train
AGAT-PPIS/Dataset/pdb/3gniB.pdb,train
AGAT-PPIS/Dataset/pdb/3mj7A.pdb,train
AGAT-PPIS/Dataset/pdb/3vu9A.pdb,train
AGAT-PPIS/Dataset/pdb/4joiD.pdb,train
AGAT-PPIS/Dataset/pdb/2z0eB.pdb,train
AGAT-PPIS/Dataset/pdb/3c5tA.pdb,train
AGAT-PPIS/Dataset/pdb/4fouA.pdb,train
AGAT-PPIS/Dataset/pdb/3zheA.pdb,train
AGAT-PPIS/Dataset/pdb/2dohX.pdb,train
AGAT-PPIS/Dataset/pdb/1jiwP.pdb,train
AGAT-PPIS/Dataset/pdb/3d48R.pdb,train
AGAT-PPIS/Dataset/pdb/2p7vA.pdb,train
AGAT-PPIS/Dataset/pdb/2hqsH.pdb,train
AGAT-PPIS/Dataset/pdb/4eukA.pdb,train
AGAT-PPIS/Dataset/pdb/4f6uB.pdb,train
AGAT-PPIS/Dataset/pdb/2j3rB.pdb,train
AGAT-PPIS/Dataset/pdb/1efnA.pdb,train
AGAT-PPIS/Dataset/pdb/4hopA.pdb,train
AGAT-PPIS/Dataset/pdb/1z0jB.pdb,train
AGAT-PPIS/Dataset/pdb/4eqaC.pdb,train
AGAT-PPIS/Dataset/pdb/2yclB.pdb,train
AGAT-PPIS/Dataset/pdb/3tu3B.pdb,train
AGAT-PPIS/Dataset/pdb/2cg5B.pdb,train
AGAT-PPIS/Dataset/pdb/3pv6A.pdb,train
AGAT-PPIS/Dataset/pdb/4gedB.pdb,train
AGAT-PPIS/Dataset/pdb/3bs5B.pdb,train
AGAT-PPIS/Dataset/pdb/1e6eB.pdb,train
AGAT-PPIS/Dataset/pdb/1gl4B.pdb,train
AGAT-PPIS/Dataset/pdb/1tnrA.pdb,train
AGAT-PPIS/Dataset/pdb/3cx8B.pdb,train
AGAT-PPIS/Dataset/pdb/2o8vA.pdb,train
AGAT-PPIS/Dataset/pdb/3p8bB.pdb,train
AGAT-PPIS/Dataset/pdb/3zkqA.pdb,train
AGAT-PPIS/Dataset/pdb/3zr4B.pdb,train
AGAT-PPIS/Dataset/pdb/4h3kA.pdb,train
AGAT-PPIS/Dataset/pdb/2wd5A.pdb,train
AGAT-PPIS/Dataset/pdb/1eerB.pdb,train
AGAT-PPIS/Dataset/pdb/3dgpA.pdb,train
AGAT-PPIS/Dataset/pdb/4gn4B.pdb,train
AGAT-PPIS/Dataset/pdb/4awxB.pdb,train
AGAT-PPIS/Dataset/pdb/3begB.pdb,train
AGAT-PPIS/Dataset/pdb/3dlqR.pdb,train
AGAT-PPIS/Dataset/pdb/1f60A.pdb,train
AGAT-PPIS/Dataset/pdb/1pxvC.pdb,train
AGAT-PPIS/Dataset/pdb/1tnrR.pdb,train
AGAT-PPIS/Dataset/pdb/1svdM.pdb,train
AGAT-PPIS/Dataset/pdb/3fqdB.pdb,train
AGAT-PPIS/Dataset/pdb/2fp4A.pdb,train
AGAT-PPIS/Dataset/pdb/3m7fA.pdb,train
AGAT-PPIS/Dataset/pdb/2yc2D.pdb,train
AGAT-PPIS/Dataset/pdb/1dfjI.pdb,train
AGAT-PPIS/Dataset/pdb/2h0dB.pdb,train
AGAT-PPIS/Dataset/pdb/2wd5B.pdb,train
AGAT-PPIS/Dataset/pdb/2ajfA.pdb,train
AGAT-PPIS/Dataset/pdb/4apxB.pdb,train
AGAT-PPIS/Dataset/pdb/3bs5A.pdb,train
AGAT-PPIS/Dataset/pdb/2z0eA.pdb,train
AGAT-PPIS/Dataset/pdb/3anwA.pdb,train
AGAT-PPIS/Dataset/pdb/3vu9B.pdb,train
AGAT-PPIS/Dataset/pdb/4a5uA.pdb,train
AGAT-PPIS/Dataset/pdb/5wy5A.pdb,train
AGAT-PPIS/Dataset/pdb/1itbB.pdb,train
AGAT-PPIS/Dataset/pdb/4etpA.pdb,train
AGAT-PPIS/Dataset/pdb/3onaA.pdb,train
AGAT-PPIS/Dataset/pdb/1c1yB.pdb,train
AGAT-PPIS/Dataset/pdb/1jiwI.pdb,train
AGAT-PPIS/Dataset/pdb/1z5yE.pdb,train
AGAT-PPIS/Dataset/pdb/2h0dA.pdb,train
AGAT-PPIS/Dataset/pdb/3og6B.pdb,train
AGAT-PPIS/Dataset/pdb/1h32A.pdb,train
AGAT-PPIS/Dataset/pdb/1kklC.pdb,train
AGAT-PPIS/Dataset/pdb/1ka9F.pdb,train
AGAT-PPIS/Dataset/pdb/1ghqA.pdb,train
AGAT-PPIS/Dataset/pdb/2xqrA.pdb,train
AGAT-PPIS/Dataset/pdb/2y9wC.pdb,train
AGAT-PPIS/Dataset/pdb/1hx1A.pdb,train
AGAT-PPIS/Dataset/pdb/1n2cB.pdb,train
AGAT-PPIS/Dataset/pdb/1te1B.pdb,train
AGAT-PPIS/Dataset/pdb/4kt3B.pdb,train
AGAT-PPIS/Dataset/pdb/2p7vB.pdb,train
AGAT-PPIS/Dataset/pdb/3axjA.pdb,train
AGAT-PPIS/Dataset/pdb/2ehbD.pdb,train
AGAT-PPIS/Dataset/pdb/1k5dA.pdb,train
AGAT-PPIS/Dataset/pdb/1udiE.pdb,train
AGAT-PPIS/Dataset/pdb/1xg2B.pdb,train
AGAT-PPIS/Dataset/pdb/1wpxB.pdb,train
AGAT-PPIS/Dataset/pdb/3h4sA.pdb,train
AGAT-PPIS/Dataset/pdb/3pv6B.pdb,train
AGAT-PPIS/Dataset/pdb/1wkwA.pdb,train
AGAT-PPIS/Dataset/pdb/3zyiB.pdb,train
AGAT-PPIS/Dataset/pdb/1tdqA.pdb,train
AGAT-PPIS/Dataset/pdb/1jmoH.pdb,train
AGAT-PPIS/Dataset/pdb/2yclA.pdb,train
AGAT-PPIS/Dataset/pdb/1nw9B.pdb,train
AGAT-PPIS/Dataset/pdb/4f6uA.pdb,train
AGAT-PPIS/Dataset/pdb/3tgxA.pdb,train
AGAT-PPIS/Dataset/pdb/1euvA.pdb,train
AGAT-PPIS/Dataset/pdb/2yajB.pdb,train
AGAT-PPIS/Dataset/pdb/1z5yD.pdb,train
AGAT-PPIS/Dataset/pdb/3d48P.pdb,train
AGAT-PPIS/Dataset/pdb/1xqsA.pdb,train
AGAT-PPIS/Dataset/pdb/1f34A.pdb,train
AGAT-PPIS/Dataset/pdb/1ghqB.pdb,train
AGAT-PPIS/Dataset/pdb/2g77A.pdb,train
AGAT-PPIS/Dataset/pdb/3q87B.pdb,train
AGAT-PPIS/Dataset/pdb/3ckiB.pdb,train
AGAT-PPIS/Dataset/pdb/3mp7B.pdb,train
AGAT-PPIS/Dataset/pdb/3ph0C.pdb,train
AGAT-PPIS/Dataset/pdb/2c9xB.pdb,train
AGAT-PPIS/Dataset/pdb/4g7xB.pdb,train
AGAT-PPIS/Dataset/pdb/1jmoL.pdb,train
AGAT-PPIS/Dataset/pdb/3shgB.pdb,train
AGAT-PPIS/Dataset/pdb/4gn4A.pdb,train
AGAT-PPIS/Dataset/pdb/2g2uB.pdb,train
AGAT-PPIS/Dataset/pdb/1u0sA.pdb,train
AGAT-PPIS/Dataset/pdb/1udiI.pdb,train
AGAT-PPIS/Dataset/pdb/3cqcB.pdb,train
AGAT-PPIS/Dataset/pdb/1rlbA.pdb,train
AGAT-PPIS/Dataset/pdb/3cbjB.pdb,train
AGAT-PPIS/Dataset/pdb/3ayhA.pdb,train
AGAT-PPIS/Dataset/pdb/4gedA.pdb,train
AGAT-PPIS/Dataset/pdb/3ph0A.pdb,train
AGAT-PPIS/Dataset/pdb/5wy5B.pdb,train
AGAT-PPIS/Dataset/pdb/2mtaL.pdb,train
AGAT-PPIS/Dataset/pdb/2fp4B.pdb,train
AGAT-PPIS/Dataset/pdb/2omzA.pdb,train
AGAT-PPIS/Dataset/pdb/2v6xA.pdb,train
AGAT-PPIS/Dataset/pdb/4dfcA.pdb,train
AGAT-PPIS/Dataset/pdb/1ggpB.pdb,train
AGAT-PPIS/Dataset/pdb/1ay7B.pdb,train
AGAT-PPIS/Dataset/pdb/1kacA.pdb,train
AGAT-PPIS/Dataset/pdb/2c9xA.pdb,train
AGAT-PPIS/Dataset/pdb/3czuB.pdb,train
AGAT-PPIS/Dataset/pdb/2hrkA.pdb,train
AGAT-PPIS/Dataset/pdb/1ib1E.pdb,train
AGAT-PPIS/Dataset/pdb/2rd7C.pdb,train
AGAT-PPIS/Dataset/pdb/4e4wB.pdb,train
AGAT-PPIS/Dataset/pdb/1e4kA.pdb,train
AGAT-PPIS/Dataset/pdb/1zbxB.pdb,train
AGAT-PPIS/Dataset/pdb/3viqB.pdb,train
AGAT-PPIS/Dataset/pdb/3r07C.pdb,train
AGAT-PPIS/Dataset/pdb/4nqwA.pdb,train
AGAT-PPIS/Dataset/pdb/3begA.pdb,train
AGAT-PPIS/Dataset/pdb/2rd7A.pdb,train
AGAT-PPIS/Dataset/pdb/1zbdB.pdb,train
AGAT-PPIS/Dataset/pdb/3mp7A.pdb,train
AGAT-PPIS/Dataset/pdb/3b08A.pdb,train
AGAT-PPIS/Dataset/pdb/1f34B.pdb,train
AGAT-PPIS/Dataset/pdb/2wusR.pdb,train
AGAT-PPIS/Dataset/pdb/4bi8B.pdb,train
AGAT-PPIS/Dataset/pdb/3czuA.pdb,train
AGAT-PPIS/Dataset/pdb/1ak4D.pdb,train
AGAT-PPIS/Dataset/pdb/3r07A.pdb,train
AGAT-PPIS/Dataset/pdb/2mtaH.pdb,train
AGAT-PPIS/Dataset/pdb/4hopB.pdb,train
AGAT-PPIS/Dataset/pdb/2oznA.pdb,train
AGAT-PPIS/Dataset/pdb/1zbxA.pdb,train
AGAT-PPIS/Dataset/pdb/3viqA.pdb,train
AGAT-PPIS/Dataset/pdb/1glaF.pdb,train
AGAT-PPIS/Dataset/pdb/4cdgC.pdb,train
AGAT-PPIS/Dataset/pdb/1mg9A.pdb,train
AGAT-PPIS/Dataset/pdb/3dgpB.pdb,train
AGAT-PPIS/Dataset/pdb/4emjA.pdb,train
AGAT-PPIS/Dataset/pdb/1ml0A.pdb,train
AGAT-PPIS/Dataset/pdb/1gcqB.pdb,train
AGAT-PPIS/Dataset/pdb/1z3eA.pdb,train
AGAT-PPIS/Dataset/pdb/1mg9B.pdb,train
AGAT-PPIS/Dataset/pdb/2fhzA.pdb,train
AGAT-PPIS/Dataset/pdb/2fcwA.pdb,train
AGAT-PPIS/Dataset/pdb/1tdqB.pdb,train
AGAT-PPIS/Dataset/pdb/3vrdB.pdb,train
AGAT-PPIS/Dataset/pdb/3di3A.pdb,train
AGAT-PPIS/Dataset/pdb/3cpjG.pdb,train
AGAT-PPIS/Dataset/pdb/3fjuB.pdb,train
AGAT-PPIS/Dataset/pdb/1svdA.pdb,train
AGAT-PPIS/Dataset/pdb/4g6tB.pdb,train
AGAT-PPIS/Dataset/pdb/3vrdA.pdb,train
AGAT-PPIS/Dataset/pdb/3s97A.pdb,train
AGAT-PPIS/Dataset/pdb/1itbA.pdb,train
AGAT-PPIS/Dataset/pdb/1ak4A.pdb,train
AGAT-PPIS/Dataset/pdb/3bh7B.pdb,train
AGAT-PPIS/Dataset/pdb/3cx8A.pdb,train
AGAT-PPIS/Dataset/pdb/4e6nA.pdb,train
AGAT-PPIS/Dataset/pdb/4m70B.pdb,train
AGAT-PPIS/Dataset/pdb/3nybA.pdb,train
AGAT-PPIS/Dataset/pdb/2v9tA.pdb,val
AGAT-PPIS/Dataset/pdb/4h3kB.pdb,val
AGAT-PPIS/Dataset/pdb/3uvjA.pdb,val
AGAT-PPIS/Dataset/pdb/4emjB.pdb,val
AGAT-PPIS/Dataset/pdb/4je3B.pdb,val
AGAT-PPIS/Dataset/pdb/3cf4A.pdb,val
AGAT-PPIS/Dataset/pdb/4g6tA.pdb,val
AGAT-PPIS/Dataset/pdb/4nqwB.pdb,val
AGAT-PPIS/Dataset/pdb/3tu3A.pdb,val
AGAT-PPIS/Dataset/pdb/1e96B.pdb,val
AGAT-PPIS/Dataset/pdb/1v74A.pdb,val
AGAT-PPIS/Dataset/pdb/3mcbA.pdb,val
AGAT-PPIS/Dataset/pdb/1qa9A.pdb,val
AGAT-PPIS/Dataset/pdb/2qklA.pdb,val
AGAT-PPIS/Dataset/pdb/3zheB.pdb,val
AGAT-PPIS/Dataset/pdb/1t6bY.pdb,val
AGAT-PPIS/Dataset/pdb/3f6qA.pdb,val
AGAT-PPIS/Dataset/pdb/4m70H.pdb,val
AGAT-PPIS/Dataset/pdb/2apoB.pdb,val
AGAT-PPIS/Dataset/pdb/3s97C.pdb,val
AGAT-PPIS/Dataset/pdb/1qa9B.pdb,val
AGAT-PPIS/Dataset/pdb/2y9wA.pdb,val
AGAT-PPIS/Dataset/pdb/3fjuA.pdb,val
AGAT-PPIS/Dataset/pdb/1gl4A.pdb,val
AGAT-PPIS/Dataset/pdb/1ay7A.pdb,val
AGAT-PPIS/Dataset/pdb/2c0lA.pdb,val
AGAT-PPIS/Dataset/pdb/1wpxA.pdb,val
AGAT-PPIS/Dataset/pdb/3vz9D.pdb,val
AGAT-PPIS/Dataset/pdb/4hluA.pdb,val
AGAT-PPIS/Dataset/pdb/1h32B.pdb,val
AGAT-PPIS/Dataset/pdb/4e6nB.pdb,val
AGAT-PPIS/Dataset/pdb/2c0lB.pdb,val
AGAT-PPIS/Dataset/pdb/2fhzB.pdb,val
AGAT-PPIS/Dataset/pdb/2ehbA.pdb,val
AGAT-PPIS/Dataset/pdb/2g2uA.pdb,val
AGAT-PPIS/Dataset/pdb/3cbjA.pdb,val
AGAT-PPIS/Dataset/pdb/1glaG.pdb,val
AGAT-PPIS/Dataset/pdb/3shgA.pdb,val
AGAT-PPIS/Dataset/pdb/1ggpA.pdb,val
AGAT-PPIS/Dataset/pdb/4joiA.pdb,val
AGAT-PPIS/Dataset/pdb/1ta3A.pdb,val
AGAT-PPIS/Dataset/pdb/2b42A.pdb,val
AGAT-PPIS/Dataset/pdb/4kt3A.pdb,val
AGAT-PPIS/Dataset/pdb/3q87A.pdb,val
AGAT-PPIS/Dataset/pdb/1jmoA.pdb,val
AGAT-PPIS/Dataset/pdb/3ocdB.pdb,val
AGAT-PPIS/Dataset/pdb/2d74A.pdb,val
AGAT-PPIS/Dataset/pdb/4cdgA.pdb,val
AGAT-PPIS/Dataset/pdb/1b6cB.pdb,val
AGAT-PPIS/Dataset/pdb/2dvwA.pdb,val
AGAT-PPIS/Dataset/pdb/2ot3A.pdb,val
AGAT-PPIS/Dataset/pdb/2yc2A.pdb,val
AGAT-PPIS/Dataset/pdb/2v4zB.pdb,val
AGAT-PPIS/Dataset/pdb/1ewyC.pdb,val
AGAT-PPIS/Dataset/pdb/7ceiB.pdb,val
AGAT-PPIS/Dataset/pdb/1r8sE.pdb,val
AGAT-PPIS/Dataset/pdb/3fmoA.pdb,val
AGAT-PPIS/Dataset/pdb/3o3mB.pdb,val
AGAT-PPIS/Dataset/pdb/3cqcA.pdb,val
AGAT-PPIS/Dataset/pdb/4kbmB.pdb,val
AGAT-PPIS/Dataset/pdb/4YOCA.pdb,test
AGAT-PPIS/Dataset/pdb/5WMMA.pdb,test
AGAT-PPIS/Dataset/pdb/5E6UA.pdb,test
AGAT-PPIS/Dataset/pdb/4QJ3B.pdb,test
AGAT-PPIS/Dataset/pdb/4CGYA.pdb,test
AGAT-PPIS/Dataset/pdb/5K04A.pdb,test
AGAT-PPIS/Dataset/pdb/4L79A.pdb,test
AGAT-PPIS/Dataset/pdb/6C90A.pdb,test
AGAT-PPIS/Dataset/pdb/4MH0E.pdb,test
AGAT-PPIS/Dataset/pdb/6X07A.pdb,test
AGAT-PPIS/Dataset/pdb/4CI6B.pdb,test
AGAT-PPIS/Dataset/pdb/6I8GA.pdb,test
AGAT-PPIS/Dataset/pdb/4CJ0A.pdb,test
AGAT-PPIS/Dataset/pdb/6OQ7A.pdb,test
AGAT-PPIS/Dataset/pdb/4YOCC.pdb,test
AGAT-PPIS/Dataset/pdb/6L4OA.pdb,test
AGAT-PPIS/Dataset/pdb/5IMTA.pdb,test
AGAT-PPIS/Dataset/pdb/5C46E.pdb,test
AGAT-PPIS/Dataset/pdb/6C0BA.pdb,test
AGAT-PPIS/Dataset/pdb/5XBFA.pdb,test
AGAT-PPIS/Dataset/pdb/4TX3B.pdb,test
AGAT-PPIS/Dataset/pdb/5CM8A.pdb,test
AGAT-PPIS/Dataset/pdb/4UAFB.pdb,test
AGAT-PPIS/Dataset/pdb/5CECA.pdb,test
AGAT-PPIS/Dataset/pdb/5KP7A.pdb,test
AGAT-PPIS/Dataset/pdb/6AW3B.pdb,test
AGAT-PPIS/Dataset/pdb/4ZGYA.pdb,test
AGAT-PPIS/Dataset/pdb/6FCVB.pdb,test
AGAT-PPIS/Dataset/pdb/4TX3A.pdb,test
AGAT-PPIS/Dataset/pdb/7BXFA.pdb,test
AGAT-PPIS/Dataset/pdb/4QAMA.pdb,test
AGAT-PPIS/Dataset/pdb/4N80A.pdb,test
AGAT-PPIS/Dataset/pdb/4HT3B.pdb,test
AGAT-PPIS/Dataset/pdb/6L1YA.pdb,test
AGAT-PPIS/Dataset/pdb/5WXKA.pdb,test
AGAT-PPIS/Dataset/pdb/4YC7B.pdb,test
AGAT-PPIS/Dataset/pdb/6I4EA.pdb,test
AGAT-PPIS/Dataset/pdb/4XGAA.pdb,test
AGAT-PPIS/Dataset/pdb/5MU7A.pdb,test
AGAT-PPIS/Dataset/pdb/6KP3A.pdb,test
AGAT-PPIS/Dataset/pdb/5CXBB.pdb,test
AGAT-PPIS/Dataset/pdb/6X90B.pdb,test
AGAT-PPIS/Dataset/pdb/6L59B.pdb,test
AGAT-PPIS/Dataset/pdb/5XVEA.pdb,test
AGAT-PPIS/Dataset/pdb/5KYCB.pdb,test
AGAT-PPIS/Dataset/pdb/6RLLB.pdb,test
AGAT-PPIS/Dataset/pdb/6EI1A.pdb,test
AGAT-PPIS/Dataset/pdb/6JZYA.pdb,test
AGAT-PPIS/Dataset/pdb/6ZMDB.pdb,test
AGAT-PPIS/Dataset/pdb/5CZDA.pdb,test
AGAT-PPIS/Dataset/pdb/4ZGNA.pdb,test
AGAT-PPIS/Dataset/pdb/6FV0A.pdb,test
AGAT-PPIS/Dataset/pdb/6CH3A.pdb,test
AGAT-PPIS/Dataset/pdb/6KIPB.pdb,test
AGAT-PPIS/Dataset/pdb/6W2LA.pdb,test
AGAT-PPIS/Dataset/pdb/4M0WA.pdb,test
AGAT-PPIS/Dataset/pdb/4BMPA.pdb,test
AGAT-PPIS/Dataset/pdb/6G4JA.pdb,test
AGAT-PPIS/Dataset/pdb/4XLGA.pdb,test
AGAT-PPIS/Dataset/pdb/5FFNA.pdb,test
AGAT-PPIS/Dataset/pdb/5MAWD.pdb,test
AGAT-PPIS/Dataset/pdb/6U3WB.pdb,test
AGAT-PPIS/Dataset/pdb/4RCAA.pdb,test
AGAT-PPIS/Dataset/pdb/5L2WB.pdb,test
AGAT-PPIS/Dataset/pdb/6ACIA.pdb,test
AGAT-PPIS/Dataset/pdb/6KIPA.pdb,test
AGAT-PPIS/Dataset/pdb/5YNMA.pdb,test
AGAT-PPIS/Dataset/pdb/6U3WA.pdb,test
AGAT-PPIS/Dataset/pdb/5IL2B.pdb,test
AGAT-PPIS/Dataset/pdb/6GHOB.pdb,test
AGAT-PPIS/Dataset/pdb/6RTWA.pdb,test
AGAT-PPIS/Dataset/pdb/6LKIA.pdb,test
AGAT-PPIS/Dataset/pdb/5H65A.pdb,test
AGAT-PPIS/Dataset/pdb/5U8CA.pdb,test
AGAT-PPIS/Dataset/pdb/4X6RB.pdb,test
AGAT-PPIS/Dataset/pdb/5JQSA.pdb,test
AGAT-PPIS/Dataset/pdb/5VXMA.pdb,test
AGAT-PPIS/Dataset/pdb/5XLYA.pdb,test
AGAT-PPIS/Dataset/pdb/5ZWLG.pdb,test
AGAT-PPIS/Dataset/pdb/6QTAA.pdb,test
AGAT-PPIS/Dataset/pdb/6VCLA.pdb,test
AGAT-PPIS/Dataset/pdb/6Y4LA.pdb,test
AGAT-PPIS/Dataset/pdb/5OE7A.pdb,test
AGAT-PPIS/Dataset/pdb/4WEMA.pdb,test
AGAT-PPIS/Dataset/pdb/4HT3A.pdb,test
AGAT-PPIS/Dataset/pdb/4RHZA.pdb,test
AGAT-PPIS/Dataset/pdb/6INEA.pdb,test
AGAT-PPIS/Dataset/pdb/6IRDB.pdb,test
AGAT-PPIS/Dataset/pdb/5TVQA.pdb,test
AGAT-PPIS/Dataset/pdb/4TTHA.pdb,test
AGAT-PPIS/Dataset/pdb/6JZYB.pdb,test
AGAT-PPIS/Dataset/pdb/6SWTA.pdb,test
AGAT-PPIS/Dataset/pdb/6WCWA.pdb,test
AGAT-PPIS/Dataset/pdb/6K9PB.pdb,test
AGAT-PPIS/Dataset/pdb/6M3IB.pdb,test
AGAT-PPIS/Dataset/pdb/5JWOA.pdb,test
AGAT-PPIS/Dataset/pdb/4XGAB.pdb,test
AGAT-PPIS/Dataset/pdb/5NCMA.pdb,test
AGAT-PPIS/Dataset/pdb/4YK8B.pdb,test
AGAT-PPIS/Dataset/pdb/6HULA.pdb,test
AGAT-PPIS/Dataset/pdb/6THLA.pdb,test
AGAT-PPIS/Dataset/pdb/5F4EA.pdb,test
AGAT-PPIS/Dataset/pdb/6RMNB.pdb,test
AGAT-PPIS/Dataset/pdb/6SDVB.pdb,test
AGAT-PPIS/Dataset/pdb/4YN0B.pdb,test
AGAT-PPIS/Dataset/pdb/4CRWA.pdb,test
AGAT-PPIS/Dataset/pdb/4YXCB.pdb,test
AGAT-PPIS/Dataset/pdb/6ISCA.pdb,test
AGAT-PPIS/Dataset/pdb/6IMFA.pdb,test
AGAT-PPIS/Dataset/pdb/5GPYA.pdb,test
AGAT-PPIS/Dataset/pdb/5JP1A.pdb,test
AGAT-PPIS/Dataset/pdb/4CGYB.pdb,test
AGAT-PPIS/Dataset/pdb/4BVXA.pdb,test
AGAT-PPIS/Dataset/pdb/4C2AA.pdb,test
AGAT-PPIS/Dataset/pdb/5F4EB.pdb,test
AGAT-PPIS/Dataset/pdb/6W2LB.pdb,test
AGAT-PPIS/Dataset/pdb/5EE5A.pdb,test
AGAT-PPIS/Dataset/pdb/5FR1B.pdb,test
AGAT-PPIS/Dataset/pdb/6MM8D.pdb,test
AGAT-PPIS/Dataset/pdb/5C2JA.pdb,test
AGAT-PPIS/Dataset/pdb/5EO9B.pdb,test
AGAT-PPIS/Dataset/pdb/5CM2Z.pdb,test
AGAT-PPIS/Dataset/pdb/6IF2A.pdb,test
AGAT-PPIS/Dataset/pdb/4QLPB.pdb,test
AGAT-PPIS/Dataset/pdb/6L4PA.pdb,test
AGAT-PPIS/Dataset/pdb/5C50A.pdb,test
AGAT-PPIS/Dataset/pdb/6G8RB.pdb,test
AGAT-PPIS/Dataset/pdb/4ZFRA.pdb,test
AGAT-PPIS/Dataset/pdb/5OECA.pdb,test
AGAT-PPIS/Dataset/pdb/4U5YA.pdb,test
AGAT-PPIS/Dataset/pdb/5C50B.pdb,test
AGAT-PPIS/Dataset/pdb/6PNPA.pdb,test
AGAT-PPIS/Dataset/pdb/4KDLA.pdb,test
AGAT-PPIS/Dataset/pdb/5CHLB.pdb,test
AGAT-PPIS/Dataset/pdb/6NDUA.pdb,test
AGAT-PPIS/Dataset/pdb/6WTGA.pdb,test
AGAT-PPIS/Dataset/pdb/4WKZB.pdb,test
AGAT-PPIS/Dataset/pdb/4YN0A.pdb,test
AGAT-PPIS/Dataset/pdb/5B64A.pdb,test
AGAT-PPIS/Dataset/pdb/4WW7B.pdb,test
AGAT-PPIS/Dataset/pdb/4YK8A.pdb,test
AGAT-PPIS/Dataset/pdb/4ZQUB.pdb,test
AGAT-PPIS/Dataset/pdb/6THLB.pdb,test
AGAT-PPIS/Dataset/pdb/5K22A.pdb,test
AGAT-PPIS/Dataset/pdb/4P3YB.pdb,test
AGAT-PPIS/Dataset/pdb/7CN7A.pdb,test
AGAT-PPIS/Dataset/pdb/4QXAB.pdb,test
AGAT-PPIS/Dataset/pdb/5O33B.pdb,test
AGAT-PPIS/Dataset/pdb/6W9SA.pdb,test
AGAT-PPIS/Dataset/pdb/6INEB.pdb,test
AGAT-PPIS/Dataset/pdb/6L1YC.pdb,test
AGAT-PPIS/Dataset/pdb/4QLPA.pdb,test
AGAT-PPIS/Dataset/pdb/5D5NA.pdb,test
AGAT-PPIS/Dataset/pdb/5OENB.pdb,test
AGAT-PPIS/Dataset/pdb/5W59A.pdb,test
AGAT-PPIS/Dataset/pdb/6IF3A.pdb,test
AGAT-PPIS/Dataset/pdb/5DMRA.pdb,test
AGAT-PPIS/Dataset/pdb/4BVXB.pdb,test
AGAT-PPIS/Dataset/pdb/5OENA.pdb,test
AGAT-PPIS/Dataset/pdb/6LKIB.pdb,test
AGAT-PPIS/Dataset/pdb/6MBAA.pdb,test
AGAT-PPIS/Dataset/pdb/6MAVA.pdb,test
AGAT-PPIS/Dataset/pdb/6PNPB.pdb,test
AGAT-PPIS/Dataset/pdb/6ZDTB.pdb,test
AGAT-PPIS/Dataset/pdb/7AZBA.pdb,test
AGAT-PPIS/Dataset/pdb/6FFAA.pdb,test
AGAT-PPIS/Dataset/pdb/3WSOB.pdb,test
AGAT-PPIS/Dataset/pdb/6HLVA.pdb,test
AGAT-PPIS/Dataset/pdb/5JQPB.pdb,test
AGAT-PPIS/Dataset/pdb/6VCLB.pdb,test
AGAT-PPIS/Dataset/pdb/4ONMB.pdb,test
AGAT-PPIS/Dataset/pdb/4RLJA.pdb,test
AGAT-PPIS/Dataset/pdb/4XAXB.pdb,test
AGAT-PPIS/Dataset/pdb/6UX8A.pdb,test
AGAT-PPIS/Dataset/pdb/5K22B.pdb,test
AGAT-PPIS/Dataset/pdb/5E0QB.pdb,test
AGAT-PPIS/Dataset/pdb/5SZHA.pdb,test
AGAT-PPIS/Dataset/pdb/4W6XA.pdb,test
AGAT-PPIS/Dataset/pdb/5DMBA.pdb,test
AGAT-PPIS/Dataset/pdb/5M2OA.pdb,test
AGAT-PPIS/Dataset/pdb/5V03R.pdb,test
AGAT-PPIS/Dataset/pdb/6DEXA.pdb,test
AGAT-PPIS/Dataset/pdb/6G4JB.pdb,test
AGAT-PPIS/Dataset/pdb/4RLJB.pdb,test
AGAT-PPIS/Dataset/pdb/6BCBA.pdb,test
AGAT-PPIS/Dataset/pdb/5C2UA.pdb,test
AGAT-PPIS/Dataset/pdb/6ZIEA.pdb,test
AGAT-PPIS/Dataset/pdb/4Y2OB.pdb,test
AGAT-PPIS/Dataset/pdb/5VGBA.pdb,test
AGAT-PPIS/Dataset/pdb/5YNMB.pdb,test
AGAT-PPIS/Dataset/pdb/5ZWLE.pdb,test
AGAT-PPIS/Dataset/pdb/6KMQB.pdb,test
AGAT-PPIS/Dataset/pdb/4U5YD.pdb,test
AGAT-PPIS/Dataset/pdb/4ZGYB.pdb,test
AGAT-PPIS/Dataset/pdb/5F22B.pdb,test
AGAT-PPIS/Dataset/pdb/5D1MB.pdb,test
AGAT-PPIS/Dataset/pdb/5IWBA.pdb,test
AGAT-PPIS/Dataset/pdb/5MAWE.pdb,test
AGAT-PPIS/Dataset/pdb/5XLYB.pdb,test
AGAT-PPIS/Dataset/pdb/5IWBB.pdb,test
AGAT-PPIS/Dataset/pdb/6MIBB.pdb,test
AGAT-PPIS/Dataset/pdb/4CMMA.pdb,test
AGAT-PPIS/Dataset/pdb/4CMMB.pdb,test
AGAT-PPIS/Dataset/pdb/5IMMA.pdb,test
AGAT-PPIS/Dataset/pdb/4RHZB.pdb,test
AGAT-PPIS/Dataset/pdb/5B64B.pdb,test
AGAT-PPIS/Dataset/pdb/4N80B.pdb,test
AGAT-PPIS/Dataset/pdb/5XBFB.pdb,test
AGAT-PPIS/Dataset/pdb/4ZQUA.pdb,test
AGAT-PPIS/Dataset/pdb/4QJFB.pdb,test
AGAT-PPIS/Dataset/pdb/5ZZAP.pdb,test
AGAT-PPIS/Dataset/pdb/6SM5A.pdb,test
AGAT-PPIS/Dataset/pdb/6H1FB.pdb,test
AGAT-PPIS/Dataset/pdb/6KP3B.pdb,test
AGAT-PPIS/Dataset/pdb/6KMQA.pdb,test
AGAT-PPIS/Dataset/pdb/5J26A.pdb,test
AGAT-PPIS/Dataset/pdb/5L8LB.pdb,test
AGAT-PPIS/Dataset/pdb/6C7YB.pdb,test
AGAT-PPIS/Dataset/pdb/6OD1B.pdb,test
AGAT-PPIS/Dataset/pdb/3WDGB.pdb,test
AGAT-PPIS/Dataset/pdb/4RS1A.pdb,test
AGAT-PPIS/Dataset/pdb/5JNOA.pdb,test
AGAT-PPIS/Dataset/pdb/5KNHI.pdb,test
AGAT-PPIS/Dataset/pdb/6R6MA.pdb,test
AGAT-PPIS/Dataset/pdb/6AW3A.pdb,test
AGAT-PPIS/Dataset/pdb/5GPYB.pdb,test
AGAT-PPIS/Dataset/pdb/6QTAB.pdb,test
AGAT-PPIS/Dataset/pdb/7BXFC.pdb,test
AGAT-PPIS/Dataset/pdb/4PW9B.pdb,test
AGAT-PPIS/Dataset/pdb/5FQ2B.pdb,test
AGAT-PPIS/Dataset/pdb/5NCMB.pdb,test
AGAT-PPIS/Dataset/pdb/4C4KT.pdb,test
AGAT-PPIS/Dataset/pdb/5V03B.pdb,test
AGAT-PPIS/Dataset/pdb/6R6MB.pdb,test
AGAT-PPIS/Dataset/pdb/5JWOB.pdb,test
AGAT-PPIS/Dataset/pdb/7CD8A.pdb,test
AGAT-PPIS/Dataset/pdb/4Y5OA.pdb,test
AGAT-PPIS/Dataset/pdb/7BU5A.pdb,test
AGAT-PPIS/Dataset/pdb/5E95B.pdb,test
AGAT-PPIS/Dataset/pdb/6IXXI.pdb,test
AGAT-PPIS/Dataset/pdb/5M2OB.pdb,test
AGAT-PPIS/Dataset/pdb/6O6EE.pdb,test
AGAT-PPIS/Dataset/pdb/6WH1A.pdb,test
AGAT-PPIS/Dataset/pdb/5KEVA.pdb,test
AGAT-PPIS/Dataset/pdb/6FUBB.pdb,test
AGAT-PPIS/Dataset/pdb/6NDUB.pdb,test
AGAT-PPIS/Dataset/pdb/6ACIH.pdb,test
AGAT-PPIS/Dataset/pdb/6SWTB.pdb,test
AGAT-PPIS/Dataset/pdb/4MRTC.pdb,test
AGAT-PPIS/Dataset/pdb/4YIIA.pdb,test
AGAT-PPIS/Dataset/pdb/5F22A.pdb,test
AGAT-PPIS/Dataset/pdb/4UAFE.pdb,test
AGAT-PPIS/Dataset/pdb/5SVHA.pdb,test
AGAT-PPIS/Dataset/pdb/5VGBB.pdb,test
AGAT-PPIS/Dataset/pdb/4UDMA.pdb,test
AGAT-PPIS/Dataset/pdb/5B5WU.pdb,test
AGAT-PPIS/Dataset/pdb/5CZDB.pdb,test
AGAT-PPIS/Dataset/pdb/6ODDA.pdb,test
AGAT-PPIS/Dataset/pdb/4K12B.pdb,test
AGAT-PPIS/Dataset/pdb/5DMBD.pdb,test
AGAT-PPIS/Dataset/pdb/5XEDA.pdb,test
AGAT-PPIS/Dataset/pdb/4CJ0B.pdb,test
AGAT-PPIS/Dataset/pdb/6EA3A.pdb,test
AGAT-PPIS/Dataset/pdb/6FC0B.pdb,test
AGAT-PPIS/Dataset/pdb/6FUBA.pdb,test
AGAT-PPIS/Dataset/pdb/7D2SB.pdb,test
AGAT-PPIS/Dataset/pdb/4XLGB.pdb,test
AGAT-PPIS/Dataset/pdb/5IMTD.pdb,test
AGAT-PPIS/Dataset/pdb/7CN7C.pdb,test
AGAT-PPIS/Dataset/pdb/5CHLA.pdb,test
AGAT-PPIS/Dataset/pdb/6ODDB.pdb,test
AGAT-PPIS/Dataset/pdb/6TRIB.pdb,test
AGAT-PPIS/Dataset/pdb/4YH8B.pdb,test
AGAT-PPIS/Dataset/pdb/5ABUB.pdb,test
AGAT-PPIS/Dataset/pdb/5WXKB.pdb,test
AGAT-PPIS/Dataset/pdb/6BN1B.pdb,test
AGAT-PPIS/Dataset/pdb/6GR8B.pdb,test
AGAT-PPIS/Dataset/pdb/5EU0B.pdb,test
AGAT-PPIS/Dataset/pdb/6KBRC.pdb,test
AGAT-PPIS/Dataset/pdb/4K12A.pdb,test
AGAT-PPIS/Dataset/pdb/4X33A.pdb,test
AGAT-PPIS/Dataset/pdb/7BU5B.pdb,test
AGAT-PPIS/Dataset/pdb/5AIEA.pdb,test
AGAT-PPIS/Dataset/pdb/5JNOB.pdb,test
AGAT-PPIS/Dataset/pdb/6BN1A.pdb,test
AGAT-PPIS/Dataset/pdb/5H65B.pdb,test
AGAT-PPIS/Dataset/pdb/6FC3B.pdb,test
