path,split,cluster_id,n_chains,chain_clusters,component_size
DIPS-Plus/final/raw/bd/3bdm.pdb1_0.dill,train,component_434b4b95b4fb,2,f2796|H;f4169|M,5298
DIPS-Plus/final/raw/bd/3bdm.pdb1_10.dill,train,component_434b4b95b4fb,2,f2795|A;f2796|H,5298
DIPS-Plus/final/raw/bd/3bdm.pdb1_11.dill,train,component_434b4b95b4fb,2,f2796|H,5298
DIPS-Plus/final/raw/bd/3bdm.pdb1_12.dill,train,component_434b4b95b4fb,2,f2795|A,5298
DIPS-Plus/final/raw/bd/3bdm.pdb1_17.dill,train,component_434b4b95b4fb,2,f2795|A,5298
DIPS-Plus/final/raw/bd/3bdm.pdb1_18.dill,train,component_434b4b95b4fb,2,f2795|A;f2796|H,5298
DIPS-Plus/final/raw/bd/3bdm.pdb1_19.dill,train,component_434b4b95b4fb,2,f2795|A;f2797|I,5298
DIPS-Plus/final/raw/bd/3bdm.pdb1_2.dill,train,component_434b4b95b4fb,2,f2796|H;f4169|M,5298
DIPS-Plus/final/raw/bd/3bdm.pdb1_20.dill,train,component_434b4b95b4fb,2,f2795|A,5298
DIPS-Plus/final/raw/bd/3bdm.pdb1_26.dill,train,component_434b4b95b4fb,2,f2795|A;f2797|I,5298
DIPS-Plus/final/raw/bd/3bdm.pdb1_27.dill,train,component_434b4b95b4fb,2,f2795|A;f29082|K,5298
DIPS-Plus/final/raw/bd/3bdm.pdb1_28.dill,train,component_434b4b95b4fb,2,f2795|A,5298
DIPS-Plus/final/raw/bd/3bdm.pdb1_29.dill,train,component_434b4b95b4fb,2,f2795|A;f29082|K,5298
DIPS-Plus/final/raw/bd/3bdm.pdb1_3.dill,train,component_434b4b95b4fb,2,f2796|H;f4169|M,5298
DIPS-Plus/final/raw/bd/3bdm.pdb1_30.dill,train,component_434b4b95b4fb,2,f2795|A;f2801|K,5298
DIPS-Plus/final/raw/bd/3bdm.pdb1_31.dill,train,component_434b4b95b4fb,2,f2795|A,5298
DIPS-Plus/final/raw/bd/3bdm.pdb1_32.dill,train,component_434b4b95b4fb,2,f2795|A;f2801|K,5298
DIPS-Plus/final/raw/bd/3bdm.pdb1_33.dill,train,component_434b4b95b4fb,2,f2795|A;f2804|L,5298
DIPS-Plus/final/raw/bd/3bdm.pdb1_34.dill,train,component_434b4b95b4fb,2,f2795|A;f29073|G,5298
DIPS-Plus/final/raw/bd/3bdm.pdb1_35.dill,train,component_434b4b95b4fb,2,f2795|A;f2804|L,5298
DIPS-Plus/final/raw/bd/3bdm.pdb1_36.dill,train,component_434b4b95b4fb,2,f2795|A;f4169|M,5298
DIPS-Plus/final/raw/bd/3bdm.pdb1_37.dill,train,component_434b4b95b4fb,2,f2795|A;f29073|G,5298
DIPS-Plus/final/raw/bd/3bdm.pdb1_38.dill,train,component_434b4b95b4fb,2,f29073|G;f4169|M,5298
DIPS-Plus/final/raw/bd/3bdm.pdb1_39.dill,train,component_434b4b95b4fb,2,f2796|H;f29073|G,5298
DIPS-Plus/final/raw/bd/3bdm.pdb1_4.dill,train,component_434b4b95b4fb,2,f2795|A;f4169|M,5298
DIPS-Plus/final/raw/bd/3bdm.pdb1_40.dill,train,component_434b4b95b4fb,2,f2795|A;f2796|H,5298
DIPS-Plus/final/raw/bd/3bdm.pdb1_41.dill,train,component_434b4b95b4fb,2,f2795|A;f2796|H,5298
DIPS-Plus/final/raw/bd/3bdm.pdb1_42.dill,train,component_434b4b95b4fb,2,f2796|H;f2797|I,5298
DIPS-Plus/final/raw/bd/3bdm.pdb1_43.dill,train,component_434b4b95b4fb,2,f2796|H,5298
DIPS-Plus/final/raw/bd/3bdm.pdb1_45.dill,train,component_434b4b95b4fb,2,f2796|H;f2804|L,5298
DIPS-Plus/final/raw/bd/3bdm.pdb1_46.dill,train,component_434b4b95b4fb,2,f2797|I;f29082|K,5298
DIPS-Plus/final/raw/bd/3bdm.pdb1_47.dill,train,component_434b4b95b4fb,2,f2797|I;f2801|K,5298
DIPS-Plus/final/raw/bd/3bdm.pdb1_48.dill,train,component_434b4b95b4fb,2,f2797|I;f2804|L,5298
DIPS-Plus/final/raw/bd/3bdm.pdb1_49.dill,train,component_434b4b95b4fb,2,f2801|K;f29082|K,5298
DIPS-Plus/final/raw/bd/3bdm.pdb1_5.dill,train,component_434b4b95b4fb,2,f29073|G;f4169|M,5298
DIPS-Plus/final/raw/bd/3bdm.pdb1_50.dill,train,component_434b4b95b4fb,2,f29082|K,5298
DIPS-Plus/final/raw/bd/3bdm.pdb1_51.dill,train,component_434b4b95b4fb,2,f2801|K;f29082|K,5298
DIPS-Plus/final/raw/bd/3bdm.pdb1_52.dill,train,component_434b4b95b4fb,2,f2801|K;f2804|L,5298
DIPS-Plus/final/raw/bd/3bdm.pdb1_54.dill,train,component_434b4b95b4fb,2,f2797|I;f2801|K,5298
DIPS-Plus/final/raw/bd/3bdm.pdb1_55.dill,train,component_434b4b95b4fb,2,f2801|K;f29082|K,5298
DIPS-Plus/final/raw/bd/3bdm.pdb1_56.dill,train,component_434b4b95b4fb,2,f2804|L;f4169|M,5298
DIPS-Plus/final/raw/bd/3bdm.pdb1_57.dill,train,component_434b4b95b4fb,2,f2796|H;f2804|L,5298
DIPS-Plus/final/raw/bd/3bdm.pdb1_58.dill,train,component_434b4b95b4fb,2,f2797|I;f2804|L,5298
DIPS-Plus/final/raw/bd/3bdm.pdb1_59.dill,train,component_434b4b95b4fb,2,f2796|H;f4169|M,5298
DIPS-Plus/final/raw/bd/3bdm.pdb1_6.dill,train,component_434b4b95b4fb,2,f2804|L;f4169|M,5298
DIPS-Plus/final/raw/bd/3bdm.pdb1_61.dill,train,component_434b4b95b4fb,2,f2796|H;f4169|M,5298
DIPS-Plus/final/raw/bd/3bdm.pdb1_62.dill,train,component_434b4b95b4fb,2,f2795|A,5298
DIPS-Plus/final/raw/bd/3bdm.pdb1_67.dill,train,component_434b4b95b4fb,2,f2795|A,5298
DIPS-Plus/final/raw/bd/3bdm.pdb1_68.dill,train,component_434b4b95b4fb,2,f2795|A;f2796|H,5298
DIPS-Plus/final/raw/bd/3bdm.pdb1_69.dill,train,component_434b4b95b4fb,2,f2795|A;f2797|I,5298
DIPS-Plus/final/raw/bd/3bdm.pdb1_7.dill,train,component_434b4b95b4fb,2,f2796|H;f4169|M,5298
DIPS-Plus/final/raw/bd/3bdm.pdb1_70.dill,train,component_434b4b95b4fb,2,f2795|A,5298
DIPS-Plus/final/raw/bd/3bdm.pdb1_76.dill,train,component_434b4b95b4fb,2,f2795|A;f2797|I,5298
DIPS-Plus/final/raw/bd/3bdm.pdb1_77.dill,train,component_434b4b95b4fb,2,f2795|A;f29082|K,5298
DIPS-Plus/final/raw/bd/3bdm.pdb1_78.dill,train,component_434b4b95b4fb,2,f2795|A,5298
DIPS-Plus/final/raw/bd/3bdm.pdb1_79.dill,train,component_434b4b95b4fb,2,f2795|A;f29082|K,5298
DIPS-Plus/final/raw/bd/3bdm.pdb1_8.dill,train,component_434b4b95b4fb,2,f2796|H,5298
DIPS-Plus/final/raw/bd/3bdm.pdb1_80.dill,train,component_434b4b95b4fb,2,f2795|A;f2801|K,5298
DIPS-Plus/final/raw/bd/3bdm.pdb1_81.dill,train,component_434b4b95b4fb,2,f2795|A,5298
DIPS-Plus/final/raw/bd/3bdm.pdb1_82.dill,train,component_434b4b95b4fb,2,f2795|A;f2801|K,5298
DIPS-Plus/final/raw/bd/3bdm.pdb1_83.dill,train,component_434b4b95b4fb,2,f2795|A;f2804|L,5298
DIPS-Plus/final/raw/bd/3bdm.pdb1_84.dill,train,component_434b4b95b4fb,2,f2795|A;f29073|G,5298
DIPS-Plus/final/raw/bd/3bdm.pdb1_85.dill,train,component_434b4b95b4fb,2,f2795|A;f2804|L,5298
DIPS-Plus/final/raw/bd/3bdm.pdb1_86.dill,train,component_434b4b95b4fb,2,f2795|A;f29073|G,5298
DIPS-Plus/final/raw/bd/3bdm.pdb1_87.dill,train,component_434b4b95b4fb,2,f2795|A;f2796|H,5298
DIPS-Plus/final/raw/bd/3bdm.pdb1_88.dill,train,component_434b4b95b4fb,2,f2796|H;f2797|I,5298
DIPS-Plus/final/raw/bd/3bdm.pdb1_89.dill,train,component_434b4b95b4fb,2,f2797|I;f29082|K,5298
DIPS-Plus/final/raw/bd/3bdm.pdb1_9.dill,train,component_434b4b95b4fb,2,f2796|H;f29073|G,5298
DIPS-Plus/final/raw/bd/3bdm.pdb1_90.dill,train,component_434b4b95b4fb,2,f2801|K;f29082|K,5298
DIPS-Plus/final/raw/bd/3bdm.pdb1_91.dill,train,component_434b4b95b4fb,2,f2801|K;f2804|L,5298
DIPS-Plus/final/raw/bo/5bou.pdb1_0.dill,train,component_434b4b95b4fb,2,f2795|A,5298
DIPS-Plus/final/raw/bo/5bou.pdb1_13.dill,train,component_434b4b95b4fb,2,f2795|A;f2796|H,5298
DIPS-Plus/final/raw/bo/5bou.pdb1_14.dill,train,component_434b4b95b4fb,2,f2795|A;f2797|I,5298
DIPS-Plus/final/raw/bo/5bou.pdb1_15.dill,train,component_434b4b95b4fb,2,f2795|A;f29082|K,5298
DIPS-Plus/final/raw/bo/5bou.pdb1_16.dill,train,component_434b4b95b4fb,2,f2795|A,5298
DIPS-Plus/final/raw/bo/5bou.pdb1_17.dill,train,component_434b4b95b4fb,2,f2795|A;f29082|K,5298
DIPS-Plus/final/raw/bo/5bou.pdb1_18.dill,train,component_434b4b95b4fb,2,f2795|A;f2801|K,5298
DIPS-Plus/final/raw/bo/5bou.pdb1_19.dill,train,component_434b4b95b4fb,2,f2795|A,5298
DIPS-Plus/final/raw/bo/5bou.pdb1_20.dill,train,component_434b4b95b4fb,2,f2795|A;f2801|K,5298
DIPS-Plus/final/raw/bo/5bou.pdb1_21.dill,train,component_434b4b95b4fb,2,f2795|A;f2804|L,5298
DIPS-Plus/final/raw/bo/5bou.pdb1_22.dill,train,component_434b4b95b4fb,2,f2795|A;f29073|G,5298
DIPS-Plus/final/raw/bo/5bou.pdb1_23.dill,train,component_434b4b95b4fb,2,f2795|A;f2804|L,5298
DIPS-Plus/final/raw/bo/5bou.pdb1_24.dill,train,component_434b4b95b4fb,2,f2795|A;f4169|M,5298
DIPS-Plus/final/raw/bo/5bou.pdb1_25.dill,train,component_434b4b95b4fb,2,f2795|A;f29073|G,5298
DIPS-Plus/final/raw/bo/5bou.pdb1_26.dill,train,component_434b4b95b4fb,2,f29073|G;f4169|M,5298
DIPS-Plus/final/raw/bo/5bou.pdb1_27.dill,train,component_434b4b95b4fb,2,f2796|H;f29073|G,5298
DIPS-Plus/final/raw/bo/5bou.pdb1_28.dill,train,component_434b4b95b4fb,2,f2795|A;f2796|H,5298
DIPS-Plus/final/raw/bo/5bou.pdb1_29.dill,train,component_434b4b95b4fb,2,f2795|A;f2796|H,5298
DIPS-Plus/final/raw/bo/5bou.pdb1_31.dill,train,component_434b4b95b4fb,2,f2796|H;f2797|I,5298
DIPS-Plus/final/raw/bo/5bou.pdb1_32.dill,train,component_434b4b95b4fb,2,f2796|H,5298
DIPS-Plus/final/raw/bo/5bou.pdb1_34.dill,train,component_434b4b95b4fb,2,f2796|H;f2804|L,5298
DIPS-Plus/final/raw/bo/5bou.pdb1_35.dill,train,component_434b4b95b4fb,2,f2796|H;f4169|M,5298
DIPS-Plus/final/raw/bo/5bou.pdb1_36.dill,train,component_434b4b95b4fb,2,f2797|I;f29082|K,5298
DIPS-Plus/final/raw/bo/5bou.pdb1_37.dill,train,component_434b4b95b4fb,2,f2797|I;f2801|K,5298
DIPS-Plus/final/raw/bo/5bou.pdb1_38.dill,train,component_434b4b95b4fb,2,f2797|I;f2804|L,5298
DIPS-Plus/final/raw/bo/5bou.pdb1_39.dill,train,component_434b4b95b4fb,2,f2801|K;f29082|K,5298
DIPS-Plus/final/raw/bo/5bou.pdb1_40.dill,train,component_434b4b95b4fb,2,f29082|K,5298
DIPS-Plus/final/raw/bo/5bou.pdb1_41.dill,train,component_434b4b95b4fb,2,f2801|K;f29082|K,5298
DIPS-Plus/final/raw/bo/5bou.pdb1_42.dill,train,component_434b4b95b4fb,2,f2801|K;f2804|L,5298
DIPS-Plus/final/raw/bo/5bou.pdb1_44.dill,train,component_434b4b95b4fb,2,f2797|I;f2801|K,5298
DIPS-Plus/final/raw/bo/5bou.pdb1_45.dill,train,component_434b4b95b4fb,2,f2801|K;f29082|K,5298
DIPS-Plus/final/raw/bo/5bou.pdb1_46.dill,train,component_434b4b95b4fb,2,f2804|L;f4169|M,5298
DIPS-Plus/final/raw/bo/5bou.pdb1_47.dill,train,component_434b4b95b4fb,2,f2796|H;f2804|L,5298
DIPS-Plus/final/raw/bo/5bou.pdb1_48.dill,train,component_434b4b95b4fb,2,f2797|I;f2804|L,5298
DIPS-Plus/final/raw/bo/5bou.pdb1_49.dill,train,component_434b4b95b4fb,2,f2796|H;f4169|M,5298
DIPS-Plus/final/raw/bo/5bou.pdb1_5.dill,train,component_434b4b95b4fb,2,f2795|A,5298
DIPS-Plus/final/raw/bo/5bou.pdb1_50.dill,train,component_434b4b95b4fb,2,f2796|H;f4169|M,5298
DIPS-Plus/final/raw/bo/5bou.pdb1_51.dill,train,component_434b4b95b4fb,2,f2796|H;f4169|M,5298
DIPS-Plus/final/raw/bo/5bou.pdb1_52.dill,train,component_434b4b95b4fb,2,f2796|H;f4169|M,5298
DIPS-Plus/final/raw/bo/5bou.pdb1_53.dill,train,component_434b4b95b4fb,2,f2796|H,5298
DIPS-Plus/final/raw/bo/5bou.pdb1_54.dill,train,component_434b4b95b4fb,2,f2795|A,5298
DIPS-Plus/final/raw/bo/5bou.pdb1_59.dill,train,component_434b4b95b4fb,2,f2795|A,5298
DIPS-Plus/final/raw/bo/5bou.pdb1_6.dill,train,component_434b4b95b4fb,2,f2795|A;f2796|H,5298
DIPS-Plus/final/raw/bo/5bou.pdb1_60.dill,train,component_434b4b95b4fb,2,f2795|A;f2796|H,5298
DIPS-Plus/final/raw/bo/5bou.pdb1_61.dill,train,component_434b4b95b4fb,2,f2795|A;f2797|I,5298
DIPS-Plus/final/raw/bo/5bou.pdb1_62.dill,train,component_434b4b95b4fb,2,f2795|A,5298
DIPS-Plus/final/raw/bo/5bou.pdb1_67.dill,train,component_434b4b95b4fb,2,f2795|A;f2796|H,5298
DIPS-Plus/final/raw/bo/5bou.pdb1_68.dill,train,component_434b4b95b4fb,2,f2795|A;f2797|I,5298
DIPS-Plus/final/raw/bo/5bou.pdb1_69.dill,train,component_434b4b95b4fb,2,f2795|A;f29082|K,5298
DIPS-Plus/final/raw/bo/5bou.pdb1_7.dill,train,component_434b4b95b4fb,2,f2795|A;f2797|I,5298
DIPS-Plus/final/raw/bo/5bou.pdb1_70.dill,train,component_434b4b95b4fb,2,f2795|A,5298
DIPS-Plus/final/raw/bo/5bou.pdb1_71.dill,train,component_434b4b95b4fb,2,f2795|A;f29082|K,5298
DIPS-Plus/final/raw/bo/5bou.pdb1_72.dill,train,component_434b4b95b4fb,2,f2795|A;f2801|K,5298
DIPS-Plus/final/raw/bo/5bou.pdb1_73.dill,train,component_434b4b95b4fb,2,f2795|A,5298
DIPS-Plus/final/raw/bo/5bou.pdb1_74.dill,train,component_434b4b95b4fb,2,f2795|A;f2801|K,5298
DIPS-Plus/final/raw/bo/5bou.pdb1_75.dill,train,component_434b4b95b4fb,2,f2795|A;f2804|L,5298
DIPS-Plus/final/raw/bo/5bou.pdb1_76.dill,train,component_434b4b95b4fb,2,f2795|A;f29073|G,5298
DIPS-Plus/final/raw/bo/5bou.pdb1_77.dill,train,component_434b4b95b4fb,2,f2795|A;f2804|L,5298
DIPS-Plus/final/raw/bo/5bou.pdb1_78.dill,train,component_434b4b95b4fb,2,f2795|A;f4169|M,5298
DIPS-Plus/final/raw/bo/5bou.pdb1_79.dill,train,component_434b4b95b4fb,2,f2795|A;f29073|G,5298
DIPS-Plus/final/raw/bo/5bou.pdb1_8.dill,train,component_434b4b95b4fb,2,f2795|A,5298
DIPS-Plus/final/raw/bo/5bou.pdb1_80.dill,train,component_434b4b95b4fb,2,f29073|G;f4169|M,5298
DIPS-Plus/final/raw/bo/5bou.pdb1_81.dill,train,component_434b4b95b4fb,2,f2796|H;f29073|G,5298
DIPS-Plus/final/raw/bo/5bou.pdb1_82.dill,train,component_434b4b95b4fb,2,f2795|A;f2796|H,5298
DIPS-Plus/final/raw/bo/5bou.pdb1_83.dill,train,component_434b4b95b4fb,2,f2795|A;f2796|H,5298
DIPS-Plus/final/raw/bo/5bou.pdb1_84.dill,train,component_434b4b95b4fb,2,f2796|H;f2797|I,5298
DIPS-Plus/final/raw/bo/5bou.pdb1_85.dill,train,component_434b4b95b4fb,2,f2796|H,5298
DIPS-Plus/final/raw/bo/5bou.pdb1_86.dill,train,component_434b4b95b4fb,2,f2797|I;f29082|K,5298
DIPS-Plus/final/raw/bo/5bou.pdb1_87.dill,train,component_434b4b95b4fb,2,f2801|K;f29082|K,5298
DIPS-Plus/final/raw/bo/5bou.pdb1_88.dill,train,component_434b4b95b4fb,2,f2801|K;f2804|L,5298
DIPS-Plus/final/raw/bo/5bou.pdb1_89.dill,train,component_434b4b95b4fb,2,f2804|L;f4169|M,5298
DIPS-Plus/final/raw/bo/5bou.pdb1_90.dill,train,component_434b4b95b4fb,2,f2796|H;f4169|M,5298
DIPS-Plus/final/raw/cg/5cgg.pdb1_0.dill,train,component_434b4b95b4fb,2,f2795|A,5298
DIPS-Plus/final/raw/cg/5cgg.pdb1_14.dill,train,component_434b4b95b4fb,2,f2795|A;f2797|I,5298
DIPS-Plus/final/raw/cg/5cgg.pdb1_15.dill,train,component_434b4b95b4fb,2,f2795|A;f29082|K,5298
DIPS-Plus/final/raw/cg/5cgg.pdb1_16.dill,train,component_434b4b95b4fb,2,f2795|A,5298
DIPS-Plus/final/raw/cg/5cgg.pdb1_17.dill,train,component_434b4b95b4fb,2,f2795|A;f29082|K,5298
DIPS-Plus/final/raw/cg/5cgg.pdb1_18.dill,train,component_434b4b95b4fb,2,f2795|A;f2801|K,5298
DIPS-Plus/final/raw/cg/5cgg.pdb1_19.dill,train,component_434b4b95b4fb,2,f2795|A,5298
DIPS-Plus/final/raw/cg/5cgg.pdb1_20.dill,train,component_434b4b95b4fb,2,f2795|A;f2801|K,5298
DIPS-Plus/final/raw/cg/5cgg.pdb1_21.dill,train,component_434b4b95b4fb,2,f2795|A;f2804|L,5298
DIPS-Plus/final/raw/cg/5cgg.pdb1_22.dill,train,component_434b4b95b4fb,2,f2795|A;f29073|G,5298
DIPS-Plus/final/raw/cg/5cgg.pdb1_23.dill,train,component_434b4b95b4fb,2,f2795|A;f2804|L,5298
DIPS-Plus/final/raw/cg/5cgg.pdb1_24.dill,train,component_434b4b95b4fb,2,f2795|A;f4169|M,5298
DIPS-Plus/final/raw/cg/5cgg.pdb1_25.dill,train,component_434b4b95b4fb,2,f2795|A;f29073|G,5298
DIPS-Plus/final/raw/cg/5cgg.pdb1_26.dill,train,component_434b4b95b4fb,2,f29073|G;f4169|M,5298
DIPS-Plus/final/raw/cg/5cgg.pdb1_27.dill,train,component_434b4b95b4fb,2,f2796|H;f29073|G,5298
DIPS-Plus/final/raw/cg/5cgg.pdb1_28.dill,train,component_434b4b95b4fb,2,f2795|A;f2796|H,5298
DIPS-Plus/final/raw/cg/5cgg.pdb1_29.dill,train,component_434b4b95b4fb,2,f2795|A;f2796|H,5298
DIPS-Plus/final/raw/cg/5cgg.pdb1_31.dill,train,component_434b4b95b4fb,2,f2796|H;f2797|I,5298
DIPS-Plus/final/raw/cg/5cgg.pdb1_32.dill,train,component_434b4b95b4fb,2,f2796|H,5298
DIPS-Plus/final/raw/cg/5cgg.pdb1_34.dill,train,component_434b4b95b4fb,2,f2796|H;f2804|L,5298
DIPS-Plus/final/raw/cg/5cgg.pdb1_35.dill,train,component_434b4b95b4fb,2,f2796|H;f4169|M,5298
DIPS-Plus/final/raw/cg/5cgg.pdb1_36.dill,train,component_434b4b95b4fb,2,f2797|I;f29082|K,5298
DIPS-Plus/final/raw/cg/5cgg.pdb1_37.dill,train,component_434b4b95b4fb,2,f2797|I;f2801|K,5298
DIPS-Plus/final/raw/cg/5cgg.pdb1_38.dill,train,component_434b4b95b4fb,2,f2797|I;f2804|L,5298
DIPS-Plus/final/raw/cg/5cgg.pdb1_39.dill,train,component_434b4b95b4fb,2,f2801|K;f29082|K,5298
DIPS-Plus/final/raw/cg/5cgg.pdb1_40.dill,train,component_434b4b95b4fb,2,f29082|K,5298
DIPS-Plus/final/raw/cg/5cgg.pdb1_41.dill,train,component_434b4b95b4fb,2,f2801|K;f29082|K,5298
DIPS-Plus/final/raw/cg/5cgg.pdb1_42.dill,train,component_434b4b95b4fb,2,f2801|K;f2804|L,5298
DIPS-Plus/final/raw/cg/5cgg.pdb1_44.dill,train,component_434b4b95b4fb,2,f2797|I;f2801|K,5298
DIPS-Plus/final/raw/cg/5cgg.pdb1_45.dill,train,component_434b4b95b4fb,2,f2801|K;f29082|K,5298
DIPS-Plus/final/raw/cg/5cgg.pdb1_47.dill,train,component_434b4b95b4fb,2,f2804|L;f4169|M,5298
DIPS-Plus/final/raw/cg/5cgg.pdb1_48.dill,train,component_434b4b95b4fb,2,f2796|H;f2804|L,5298
DIPS-Plus/final/raw/cg/5cgg.pdb1_49.dill,train,component_434b4b95b4fb,2,f2797|I;f2804|L,5298
DIPS-Plus/final/raw/cg/5cgg.pdb1_5.dill,train,component_434b4b95b4fb,2,f2795|A,5298
DIPS-Plus/final/raw/cg/5cgg.pdb1_51.dill,train,component_434b4b95b4fb,2,f2796|H;f4169|M,5298
DIPS-Plus/final/raw/cg/5cgg.pdb1_53.dill,train,component_434b4b95b4fb,2,f2796|H;f4169|M,5298
DIPS-Plus/final/raw/cg/5cgg.pdb1_54.dill,train,component_434b4b95b4fb,2,f2796|H;f4169|M,5298
DIPS-Plus/final/raw/cg/5cgg.pdb1_55.dill,train,component_434b4b95b4fb,2,f2796|H;f4169|M,5298
DIPS-Plus/final/raw/cg/5cgg.pdb1_56.dill,train,component_434b4b95b4fb,2,f2796|H,5298
DIPS-Plus/final/raw/cg/5cgg.pdb1_57.dill,train,component_434b4b95b4fb,2,f2795|A,5298
DIPS-Plus/final/raw/cg/5cgg.pdb1_6.dill,train,component_434b4b95b4fb,2,f2795|A;f2796|H,5298
DIPS-Plus/final/raw/cg/5cgg.pdb1_62.dill,train,component_434b4b95b4fb,2,f2795|A,5298
DIPS-Plus/final/raw/cg/5cgg.pdb1_63.dill,train,component_434b4b95b4fb,2,f2795|A;f2796|H,5298
DIPS-Plus/final/raw/cg/5cgg.pdb1_64.dill,train,component_434b4b95b4fb,2,f2795|A;f2797|I,5298
DIPS-Plus/final/raw/cg/5cgg.pdb1_65.dill,train,component_434b4b95b4fb,2,f2795|A,5298
DIPS-Plus/final/raw/cg/5cgg.pdb1_7.dill,train,component_434b4b95b4fb,2,f2795|A;f2797|I,5298
DIPS-Plus/final/raw/cg/5cgg.pdb1_71.dill,train,component_434b4b95b4fb,2,f2795|A;f2797|I,5298
DIPS-Plus/final/raw/cg/5cgg.pdb1_72.dill,train,component_434b4b95b4fb,2,f2795|A;f29082|K,5298
DIPS-Plus/final/raw/cg/5cgg.pdb1_73.dill,train,component_434b4b95b4fb,2,f2795|A,5298
DIPS-Plus/final/raw/cg/5cgg.pdb1_74.dill,train,component_434b4b95b4fb,2,f2795|A;f29082|K,5298
DIPS-Plus/final/raw/cg/5cgg.pdb1_75.dill,train,component_434b4b95b4fb,2,f2795|A;f2801|K,5298
DIPS-Plus/final/raw/cg/5cgg.pdb1_76.dill,train,component_434b4b95b4fb,2,f2795|A,5298
DIPS-Plus/final/raw/cg/5cgg.pdb1_77.dill,train,component_434b4b95b4fb,2,f2795|A;f2801|K,5298
DIPS-Plus/final/raw/cg/5cgg.pdb1_78.dill,train,component_434b4b95b4fb,2,f2795|A;f2804|L,5298
DIPS-Plus/final/raw/cg/5cgg.pdb1_79.dill,train,component_434b4b95b4fb,2,f2795|A;f29073|G,5298
DIPS-Plus/final/raw/cg/5cgg.pdb1_8.dill,train,component_434b4b95b4fb,2,f2795|A,5298
DIPS-Plus/final/raw/cg/5cgg.pdb1_80.dill,train,component_434b4b95b4fb,2,f2795|A;f2804|L,5298
DIPS-Plus/final/raw/cg/5cgg.pdb1_81.dill,train,component_434b4b95b4fb,2,f2795|A;f4169|M,5298
DIPS-Plus/final/raw/d3/2d3a.pdb1_0.dill,val,component_86045623c2d2,2,f23097|C,15
DIPS-Plus/final/raw/d3/2d3a.pdb1_1.dill,val,component_86045623c2d2,2,f23097|C,15
DIPS-Plus/final/raw/d3/2d3a.pdb1_12.dill,val,component_86045623c2d2,2,f23097|C,15
DIPS-Plus/final/raw/d3/2d3a.pdb1_17.dill,val,component_86045623c2d2,2,f23097|C,15
DIPS-Plus/final/raw/d3/2d3a.pdb1_19.dill,val,component_86045623c2d2,2,f23097|C,15
DIPS-Plus/final/raw/d3/2d3a.pdb1_21.dill,val,component_86045623c2d2,2,f23097|C,15
DIPS-Plus/final/raw/d3/2d3a.pdb1_25.dill,val,component_86045623c2d2,2,f23097|C,15
DIPS-Plus/final/raw/d3/2d3a.pdb1_26.dill,val,component_86045623c2d2,2,f23097|C,15
DIPS-Plus/final/raw/d3/2d3a.pdb1_4.dill,val,component_86045623c2d2,2,f23097|C,15
DIPS-Plus/final/raw/d3/2d3a.pdb1_9.dill,val,component_86045623c2d2,2,f23097|C,15
DIPS-Plus/final/raw/oj/2ojw.pdb1_0.dill,val,component_86045623c2d2,2,f23097|C,15
DIPS-Plus/final/raw/oj/2ojw.pdb1_1.dill,val,component_86045623c2d2,2,f23097|C,15
DIPS-Plus/final/raw/oj/2ojw.pdb1_2.dill,val,component_86045623c2d2,2,f23097|C,15
DIPS-Plus/final/raw/oj/2ojw.pdb1_3.dill,val,component_86045623c2d2,2,f23097|C,15
DIPS-Plus/final/raw/oj/2ojw.pdb1_4.dill,val,component_86045623c2d2,2,f23097|C,15
DIPS-Plus/final/raw/td/3tdp.pdb1_0.dill,test,component_a86e12a69dec,2,f31838|C,15
DIPS-Plus/final/raw/td/3tdp.pdb1_1.dill,test,component_a86e12a69dec,2,f31838|C,15
DIPS-Plus/final/raw/td/3tdp.pdb1_2.dill,test,component_a86e12a69dec,2,f31838|C,15
DIPS-Plus/final/raw/td/3tdp.pdb1_3.dill,test,component_a86e12a69dec,2,f31838|C,15
DIPS-Plus/final/raw/td/3tdp.pdb1_4.dill,test,component_a86e12a69dec,2,f31838|C,15
DIPS-Plus/final/raw/td/3tdp.pdb2_0.dill,test,component_a86e12a69dec,2,f31838|C,15
DIPS-Plus/final/raw/td/3tdp.pdb2_1.dill,test,component_a86e12a69dec,2,f31838|C,15
DIPS-Plus/final/raw/td/3tdp.pdb2_2.dill,test,component_a86e12a69dec,2,f31838|C,15
DIPS-Plus/final/raw/td/3tdp.pdb2_3.dill,test,component_a86e12a69dec,2,f31838|C,15
DIPS-Plus/final/raw/td/3tdp.pdb2_4.dill,test,component_a86e12a69dec,2,f31838|C,15
DIPS-Plus/final/raw/td/3tdx.pdb1_0.dill,test,component_a86e12a69dec,2,f31838|C,15
DIPS-Plus/final/raw/td/3tdx.pdb1_1.dill,test,component_a86e12a69dec,2,f31838|C,15
DIPS-Plus/final/raw/td/3tdx.pdb1_2.dill,test,component_a86e12a69dec,2,f31838|C,15
DIPS-Plus/final/raw/td/3tdx.pdb1_3.dill,test,component_a86e12a69dec,2,f31838|C,15
DIPS-Plus/final/raw/td/3tdx.pdb1_4.dill,test,component_a86e12a69dec,2,f31838|C,15
DIPS-Plus/final/raw/o9/1o9i.pdb1_0.dill,val,component_d1c1449d426a,2,f22503|A,15
DIPS-Plus/final/raw/o9/1o9i.pdb1_1.dill,val,component_d1c1449d426a,2,f22503|A,15
DIPS-Plus/final/raw/o9/1o9i.pdb1_10.dill,val,component_d1c1449d426a,2,f22503|A,15
DIPS-Plus/final/raw/o9/1o9i.pdb1_11.dill,val,component_d1c1449d426a,2,f22503|A,15
DIPS-Plus/final/raw/o9/1o9i.pdb1_12.dill,val,component_d1c1449d426a,2,f22503|A,15
DIPS-Plus/final/raw/o9/1o9i.pdb1_13.dill,val,component_d1c1449d426a,2,f22503|A,15
DIPS-Plus/final/raw/o9/1o9i.pdb1_14.dill,val,component_d1c1449d426a,2,f22503|A,15
DIPS-Plus/final/raw/o9/1o9i.pdb1_2.dill,val,component_d1c1449d426a,2,f22503|A,15
DIPS-Plus/final/raw/o9/1o9i.pdb1_3.dill,val,component_d1c1449d426a,2,f22503|A,15
DIPS-Plus/final/raw/o9/1o9i.pdb1_4.dill,val,component_d1c1449d426a,2,f22503|A,15
DIPS-Plus/final/raw/o9/1o9i.pdb1_5.dill,val,component_d1c1449d426a,2,f22503|A,15
DIPS-Plus/final/raw/o9/1o9i.pdb1_6.dill,val,component_d1c1449d426a,2,f22503|A,15
DIPS-Plus/final/raw/o9/1o9i.pdb1_7.dill,val,component_d1c1449d426a,2,f22503|A,15
DIPS-Plus/final/raw/o9/1o9i.pdb1_8.dill,val,component_d1c1449d426a,2,f22503|A,15
DIPS-Plus/final/raw/o9/1o9i.pdb1_9.dill,val,component_d1c1449d426a,2,f22503|A,15
DIPS-Plus/final/raw/h4/2h48.pdb1_0.dill,test,component_a82149c696f6,2,f11963|B;f30299|A,15
DIPS-Plus/final/raw/h5/2h51.pdb1_0.dill,test,component_a82149c696f6,2,f11963|B;f30299|A,15
DIPS-Plus/final/raw/h5/2h54.pdb1_0.dill,test,component_a82149c696f6,2,f11963|B;f30299|A,15
DIPS-Plus/final/raw/hb/2hbq.pdb1_0.dill,test,component_a82149c696f6,2,f11963|B;f30299|A,15
DIPS-Plus/final/raw/hb/2hbr.pdb1_0.dill,test,component_a82149c696f6,2,f11963|B;f30299|A,15
DIPS-Plus/final/raw/hb/2hby.pdb1_0.dill,test,component_a82149c696f6,2,f11963|B;f30299|A,15
DIPS-Plus/final/raw/hb/2hbz.pdb1_0.dill,test,component_a82149c696f6,2,f11963|B;f30299|A,15
DIPS-Plus/final/raw/ib/1ibc.pdb1_0.dill,test,component_a82149c696f6,2,f11963|B;f30299|A,15
DIPS-Plus/final/raw/ns/3ns7.pdb1_0.dill,test,component_a82149c696f6,2,f11963|B;f30299|A,15
DIPS-Plus/final/raw/ns/3ns7.pdb2_0.dill,test,component_a82149c696f6,2,f11963|B;f30299|A,15
DIPS-Plus/final/raw/rw/1rwk.pdb1_0.dill,test,component_a82149c696f6,2,f11963|B;f30299|A,15
DIPS-Plus/final/raw/rw/1rwn.pdb1_0.dill,test,component_a82149c696f6,2,f11963|B;f30299|A,15
DIPS-Plus/final/raw/rw/1rwp.pdb1_0.dill,test,component_a82149c696f6,2,f11963|B;f30299|A,15
DIPS-Plus/final/raw/rw/1rwv.pdb1_0.dill,test,component_a82149c696f6,2,f11963|B;f30299|A,15
DIPS-Plus/final/raw/rw/1rww.pdb1_0.dill,test,component_a82149c696f6,2,f11963|B;f30299|A,15
DIPS-Plus/final/raw/aa/4aaf.pdb1_0.dill,val,component_bd7ef08992f9,2,f9153|B,15
DIPS-Plus/final/raw/aa/4aag.pdb1_0.dill,val,component_bd7ef08992f9,2,f9153|B,15
DIPS-Plus/final/raw/aq/4aqx.pdb1_0.dill,val,component_bd7ef08992f9,2,f9153|B,15
DIPS-Plus/final/raw/bp/1bp7.pdb1_0.dill,val,component_bd7ef08992f9,2,f9153|B,15
DIPS-Plus/final/raw/bp/1bp7.pdb2_0.dill,val,component_bd7ef08992f9,2,f9153|B,15
DIPS-Plus/final/raw/fl/2fld.pdb1_0.dill,val,component_bd7ef08992f9,2,f9153|B,15
DIPS-Plus/final/raw/i3/2i3p.pdb1_0.dill,val,component_bd7ef08992f9,2,f9153|B,15
DIPS-Plus/final/raw/n3/1n3e.pdb1_0.dill,val,component_bd7ef08992f9,2,f9153|B,15
DIPS-Plus/final/raw/n3/1n3e.pdb2_0.dill,val,component_bd7ef08992f9,2,f9153|B,15
DIPS-Plus/final/raw/t9/1t9i.pdb1_0.dill,val,component_bd7ef08992f9,2,f9153|B,15
DIPS-Plus/final/raw/t9/1t9j.pdb1_0.dill,val,component_bd7ef08992f9,2,f9153|B,15
DIPS-Plus/final/raw/u0/1u0c.pdb1_0.dill,val,component_bd7ef08992f9,2,f9153|B,15
DIPS-Plus/final/raw/vb/2vbj.pdb1_0.dill,val,component_bd7ef08992f9,2,f9153|B,15
DIPS-Plus/final/raw/vb/2vbl.pdb1_0.dill,val,component_bd7ef08992f9,2,f9153|B,15
DIPS-Plus/final/raw/vb/2vbo.pdb1_0.dill,val,component_bd7ef08992f9,2,f9153|B,15
DIPS-Plus/final/raw/lk/4lkb.pdb1_0.dill,test,component_866f4bf58978,2,f18601|B,15
DIPS-Plus/final/raw/lk/4lkb.pdb1_1.dill,test,component_866f4bf58978,2,f18601|B,15
DIPS-Plus/final/raw/lk/4lkb.pdb1_10.dill,test,component_866f4bf58978,2,f18601|B,15
DIPS-Plus/final/raw/lk/4lkb.pdb1_11.dill,test,component_866f4bf58978,2,f18601|B,15
DIPS-Plus/final/raw/lk/4lkb.pdb1_4.dill,test,component_866f4bf58978,2,f18601|B,15
DIPS-Plus/final/raw/lk/4lkb.pdb1_9.dill,test,component_866f4bf58978,2,f18601|B,15
DIPS-Plus/final/raw/lk/4lkb.pdb2_0.dill,test,component_866f4bf58978,2,f18601|B,15
DIPS-Plus/final/raw/lk/4lkb.pdb2_1.dill,test,component_866f4bf58978,2,f18601|B,15
DIPS-Plus/final/raw/lk/4lkb.pdb2_2.dill,test,component_866f4bf58978,2,f18601|B,15
DIPS-Plus/final/raw/lk/4lkb.pdb3_0.dill,test,component_866f4bf58978,2,f18601|B,15
DIPS-Plus/final/raw/lk/4lkb.pdb3_1.dill,test,component_866f4bf58978,2,f18601|B,15
DIPS-Plus/final/raw/lk/4lkb.pdb3_2.dill,test,component_866f4bf58978,2,f18601|B,15
DIPS-Plus/final/raw/mw/1mww.pdb1_0.dill,test,component_866f4bf58978,2,f18601|B,15
DIPS-Plus/final/raw/mw/1mww.pdb1_1.dill,test,component_866f4bf58978,2,f18601|B,15
DIPS-Plus/final/raw/mw/1mww.pdb1_2.dill,test,component_866f4bf58978,2,f18601|B,15
DIPS-Plus/final/raw/t0/1t0t.pdb1_0.dill,val,component_1fb68efd94b4,2,f34822|A,15
DIPS-Plus/final/raw/t0/1t0t.pdb1_1.dill,val,component_1fb68efd94b4,2,f34822|A,15
DIPS-Plus/final/raw/t0/1t0t.pdb1_2.dill,val,component_1fb68efd94b4,2,f34822|A,15
DIPS-Plus/final/raw/t0/1t0t.pdb1_3.dill,val,component_1fb68efd94b4,2,f34822|A,15
DIPS-Plus/final/raw/t0/1t0t.pdb1_4.dill,val,component_1fb68efd94b4,2,f34822|A,15
DIPS-Plus/final/raw/c2/1c28.pdb1_0.dill,test,component_4672ce8b4c75,2,f3482|D,15
DIPS-Plus/final/raw/c2/1c28.pdb1_1.dill,test,component_4672ce8b4c75,2,f3482|D,15
DIPS-Plus/final/raw/c2/1c28.pdb1_2.dill,test,component_4672ce8b4c75,2,f3482|D,15
DIPS-Plus/final/raw/c3/1c3h.pdb2_0.dill,test,component_4672ce8b4c75,2,f3482|D,15
DIPS-Plus/final/raw/c3/1c3h.pdb2_1.dill,test,component_4672ce8b4c75,2,f3482|D,15
